{"cameraMode":{"drawMode":0,"name":"Shaded","section":"Shading Mode"},"sceneLighting":true,"audioPlay":false,"sceneViewState":{"showFog":true,"showMaterialUpdate":false,"showSkybox":true,"showFlares":true,"showImageEffects":true,"showParticleSystems":true},"in2DMode":false,"pivot":{"x":0.5862278938293457,"y":0.9608914852142334,"z":-1.3811204433441163},"rotation":{"x":-0.08559148758649826,"y":0.902360200881958,"z":-0.21110044419765473,"w":-0.3658653497695923},"size":16.10882568359375,"orthographic":false}